風花雪月		Three Houses	Package-1.jpg	07/26	2019
ヒーローズ		Heroes	Package-2.jpg	02/02	2017
Echoes もうひとりの英雄王		Echoes: Shadows of Valentia	Package-3.jpg	04/20	2017
if		Fates	Package-4.jpg	06/25	2015
覚醒		Awakening	Package-5.jpg	04/19	2012
新・紋章の謎		New Mystery of the Emblem	Package-6.jpg	07/15	2010
新・暗黒竜と光の剣		Shadow Dragon	Package-7.jpg	08/07	2008
暁の女神		Radiant Dawn	Package-8.jpg	02/22	2007
蒼炎の軌跡		Path of Radiance	Package-9.jpg	04/20	2005
聖魔の光石		The Sacred Stones	Package-10.jpg	10/07	2004
烈火の剣		The Blazing Blade	Package-11.jpg	04/25	2003
封印の剣		The Binding Blade	Package-12.jpg	03/29	2002
トラキア776		Thracia 776	Package-13.jpg	09/01	1999
聖戦の系譜		Genealogy of the Holy War	Package-14.jpg	05/14	1996
紋章の謎		Mystery of the Emblem	Package-15.jpg	01/21	1994
外伝		Gaiden	Package-16.jpg	03/14	1992
暗黒竜と光の剣		Shadow Dragon and the Blade of Light	Package-17.jpg	04/20	1990
幻影異聞録♯FE		Tokyo Mirage Sessions #FE	Package-18.jpg	12/26	2015
無双		Warriors	Package-19.jpg	09/28	2017
無双 風花雪月		Warriors Three Hopes	Package-20.png	06/24	2022
幻影異聞録♯FE Encore		Tokyo Mirage Sessions #FE Encore	Package-21.jpg	01/17	2020
アカネイア戦記			Package-22.jpg	09/29	1997
0（サイファ）		cipher	Package-23.jpg	06/25	2015
エンゲージ		Engage	Package-24.jpg	01/20	2023
